AgeDays,L,M,S
0,0.3487,3.3464,0.14602
7,0.2776,3.4879,0.14483
14,0.2581,3.7529,0.14142
21,0.2442,4.0603,0.13807
28,0.2331,4.3671,0.13497
35,0.2237,4.659,0.13215
42,0.2155,4.9303,0.1296
49,0.2081,5.1817,0.12729
56,0.2014,5.4149,0.1252
63,0.1952,5.6319,0.1233
70,0.1894,5.8346,0.12157
77,0.184,6.0242,0.12001
84,0.1789,6.2019,0.1186
91,0.174,6.369,0.11732
122,0.1553,7.0023,0.11316
152,0.1395,7.5105,0.1108
183,0.1257,7.934,0.10958
213,0.1134,8.297,0.10902
244,0.1021,8.6151,0.10882
274,0.0917,8.9014,0.10881
304,0.082,9.1649,0.10891
335,0.073,9.4122,0.10906
365,0.0644,9.6479,0.10925
396,0.0563,9.8749,0.10949
426,0.0487,10.0953,0.10976
457,0.0413,10.3108,0.11007
487,0.0343,10.5228,0.11041
517,0.0275,10.7319,0.11079
548,0.0211,10.9385,0.11119
578,0.0148,11.143,0.11164
609,0.0087,11.3462,0.11211
639,0.0029,11.5486,0.11261
670,-0.0028,11.7504,0.11314
700,-0.0083,11.9514,0.11369
730,-0.0137,12.1515,0.11426
761,-0.0189,12.3502,0.11485
791,-0.024,12.5466,0.11544
822,-0.0289,12.7401,0.11604
852,-0.0337,12.9303,0.11664
883,-0.0385,13.1169,0.11723
913,-0.0431,13.3,0.11781
944,-0.0476,13.4798,0.11839
974,-0.052,13.6567,0.11896
1004,-0.0564,13.8309,0.11953
1035,-0.0606,14.0031,0.12008
1065,-0.0648,14.1736,0.12062
1096,-0.0689,14.3429,0.12116
1126,-0.0729,14.5113,0.12168
1157,-0.0769,14.6791,0.1222
1187,-0.0808,14.8466,0.12271
1218,-0.0846,15.014,0.12322
1248,-0.0883,15.1813,0.12373
1278,-0.092,15.3486,0.12425
1309,-0.0957,15.5158,0.12478
1339,-0.0993,15.6828,0.12531
1370,-0.1028,15.8497,0.12586
1400,-0.1063,16.0163,0.12643
1431,-0.1097,16.1827,0.127
1461,-0.1131,16.3489,0.12759
1491,-0.1165,16.515,0.12819
1522,-0.1198,16.6811,0.1288
1552,-0.123,16.8471,0.12943
1583,-0.1262,17.0132,0.13005
1613,-0.1294,17.1792,0.13069
1644,-0.1325,17.3452,0.13133
1674,-0.1356,17.5111,0.13197
1704,-0.1387,17.6768,0.13261
1735,-0.1417,17.8422,0.13325
1765,-0.1447,18.0073,0.13389
1796,-0.1477,18.1722,0.13453
1826,-0.1506,18.3366,0.13517
